id,area,employer,name,s_from,s_to,currency
106904824,Москва,Альфа-Банк,Стажёр бизнес-аналитик,,,
106910127,Москва,Robusta,Junior Analyst,,,
106916597,Москва,Effective Mobile,Junior Data Analyst,,,
106692739,Казань,Норматех,Бизнес-аналитик (стажер),60000.0,70000.0,RUR
105383904,Москва,OptiTeam,Аналитик Excel,,,
104461044,Назрань,Центр АЗы,Младший аналитик данных,10000.0,45000.0,RUR
106100439,Санкт-Петербург,Михайлова Анастасия Алексеевна,Менеджер – аналитик маркетплейса OZON,100000.0,,RUR
106469611,Москва,La Redoute Rus,Младший аналитик,,75000.0,RUR
106879794,Пермь,QUADRO,Финансовый менеджер/директор/аналитик,,,
106501312,Москва,Исаева Татьяна Юрьевна,Ассистент в отдел аналитики,90000.0,120000.0,RUR
106823355,Ростов-на-Дону,Первый Сми,Аналитик,20000.0,25000.0,RUR
106847644,Москва,Мона Биолаб,"Аналитик - менеджер маркетплейсов (Лэтуаль, Золотое яблоко)",,50000.0,RUR
106919757,Москва,Арте,Бизнес-аналитик платформы ЦФА,300000.0,450000.0,RUR
105803439,Москва,Purrweb,Стажер Системный аналитик,,,
106883247,Выкса,Объединенная металлургическая компания,Бизнес-аналитик HR-процессов(удаленно),,,
106832325,Москва,True Gamers,Аналитик данных (удаленно),180000.0,,RUR
106872978,Москва,ДОМ.РФ,Аналитик Проектный отдел,,,
94344003,Санкт-Петербург,Нмаркет.ПРО,Аналитик данных,120000.0,140000.0,RUR
106895822,Астрахань,MANGO OFFICE,Аналитик BI,,,
106596692,Москва,Мона Биолаб,Аналитик по оптимизации бизнес процессов - операционный интегратор,70000.0,140000.0,RUR
106831879,Ижевск,Хохряков Игорь,Senior системный аналитик,370000.0,550000.0,RUR
106855292,Казань,ГК Innostage,Аналитик данных,,,
105335210,Новосибирск,Matryoshka Games,"Junior аналитик (маркетинг / монетизация, gamedev)",60000.0,120000.0,RUR
106377589,Москва,SDO,Аналитик данных Junior,600.0,800.0,USD
106666436,Москва,Медиапоинт,Junior Data Analyst,,,
106655951,Эстония,Apliteni,Data Analyst,,,
106702939,Москва,Свистунова Екатерина Александровна,Бизнес/Системный аналитик,300000.0,420000.0,RUR
106912308,Москва,Компания БКС,Системный аналитик (Junior),,,
106891849,Москва,Объединенная металлургическая компания,Аналитик по экономической безопасности,,,
106577777,Санкт-Петербург,Finlead Team,Финансовый менеджер (Финансовый аналитик),,,
106858750,Москва,Гриндата,Младший аналитик,,,
106814972,Москва,Инфраструктурные решения и работы,Финансовый аналитик-стажер,,,
106760806,Москва,ChristieSaiko,Руководитель отдела продаж на маркетплейсах (аналитик),150000.0,,RUR
106759771,Москва,Стальпрокат,Консультант-аналитик 1С,250000.0,350000.0,RUR
106899196,Краснодар,Агроресурсы,Специалист по ценообразованию/Pricing Consultant/Аналитик,100000.0,,RUR
106827920,Санкт-Петербург,Фабрика Лояльности,Data Analyst / Аналитик данных,110000.0,130000.0,RUR
105928669,Москва,Аналитическое агентство «Смыслография»,Аналитик СМИ и соцмедиа,40000.0,,RUR
106499470,Пермь,Spectr,Junior системный аналитик,,110000.0,RUR
106904942,Москва,Сила ветра,Младший аналитик,,,
104062382,Москва,MAXIMUM EDUCATION,Дата-аналитик,,,
106923419,Москва,Спектр,Редактор-аналитик,90000.0,,RUR
106652695,Москва,Арте,Системный аналитик,300000.0,450000.0,RUR
106791751,Санкт-Петербург,The Crazy,Аналитик-консультант 1С,95000.0,,RUR
106798286,Москва,Фендель Виктория Вячеславовна,Аналитик Wildberries (Power BI),50000.0,75000.0,RUR
105875479,Москва,МФК ВЭББАНКИР,Старший системный аналитик / Senior Systems analyst,350000.0,500000.0,RUR
106828336,Москва,RVISION,Аналитик,40000.0,50000.0,RUR
106922813,Москва,СУПЕРЛЕВЕЛ,Game Analyst,,,
106831346,Москва,Кибертех,АнтиФрод Аналитик,,,
106803346,Москва,Remokate,Системный аналитик,110000.0,280000.0,RUR
106786687,Москва,Онлайн проект КЛУБ ЛУЧШЕЙ ЖИЗНИ,Аналитик данных,,,
105694447,Ярославль,DIKIDI,Системный аналитик,172500.0,,RUR
106037893,Санкт-Петербург,Global Remote Professionals,Стажер - аналитик (стратегический консалтинг),,,
106451462,Москва,ЗАП,Аналитик данных,150000.0,250000.0,RUR
106497337,Москва,"ЮТэйр, Авиакомпания",Аналитик второй линии поддержки,100000.0,,RUR
106836221,Санкт-Петербург,Уранголд,Аналитик данных,120000.0,120000.0,RUR
99626795,Краснодар,"МАГНИТ, Розничная сеть",Стажер-аналитик,,,
106766504,Москва,Eqvanta,Продуктовый аналитик,,,
106823357,Москва,ANCOR,Аналитик,155000.0,,RUR
106489547,Москва,ЛингуаЛео,Data аналитик,,,
106776709,Санкт-Петербург,Linza Team,Бизнес-аналитик,70000.0,150000.0,RUR
106859057,Казань,Савицкая Мария Александровна,Менеджер маркетплейс / аналитик Wildberries,60000.0,,RUR
105812724,Москва,Data Heroes,Аналитик в IT-компанию,20000.0,40000.0,RUR
106857238,Москва,Финтех,Бизнес-аналитик (middle/middle+),,260000.0,RUR
106846176,Москва,MIA Dev,1С Аналитик,250000.0,320000.0,RUR
106915892,Краснодар,Ракета,Аналитик 1С (ЗУП),,,
106884619,Кипр,Adhunt,Продуктовый аналитик (с уклоном в Product managment),,,
106082079,Москва,АКО,Аналитик видеонаблюдения,40000.0,56000.0,RUR
106837629,Москва,Spans Agency,Аналитик,60000.0,100000.0,RUR
106611351,Москва,Korean Simple,Аналитик в школу корейского языка,,200000.0,RUR
106907589,Москва,Альфа-Банк,Системный аналитик,,,
106924969,Москва,KasCapital,Финансовый аналитик,,,
105747976,Москва,Aston,Data analyst / Аналитик данных (стажер),100000.0,110000.0,RUR
106260445,Санкт-Петербург,Брокер Недвижимости 1,"Монтажер / аналитик вертикальных роликов Reels, TikTok, YouTube Shorts",25000.0,60000.0,RUR
106585840,Москва,Amex Development,Продуктовый аналитик middle+ (можно работать из-за границы),250000.0,300000.0,RUR
106855363,Сербия,ГдеМои,Business Analyst (Belgrade),,,
106828871,Москва,Медиапоинт,Junior Analyst,,,
106839396,Санкт-Петербург,МТС Линк,Финансовый менеджер по моделированию и аналитике,,,
106695617,Москва,МодЭнС Групп,"Инженер-технолог с навыками аналитики (электроэнергетика, удаленная работа)",60000.0,,RUR
106858567,Пермь,Гриндата,Младший аналитик,,,
106801486,Москва,Влегро,Продуктовый аналитик Junior+/Middle,,,
106545460,Екатеринбург,Умная Автоматизация,Системный аналитик,130000.0,,RUR
106819694,Москва,JackPoker,Product Analyst,,,
105677877,Москва,Чистая линия,Начинающий аналитик в маркетинге,,,
101758390,Москва,СДЭК,Продуктовый аналитик E-com,,150000.0,RUR
106834272,Москва,WMT,Аналитик данных,,,
106892104,Санкт-Петербург,ITLand,Маркетолог-аналитик,30000.0,,RUR
106881592,Москва,Тандем,Менеджер-аналитик маркетплейса Wildberries,110000.0,,RUR
106904563,Москва,Tibbo Systems,Аналитик,,,
106803185,Санкт-Петербург,"Пионер, Группа компаний",Бизнес-аналитик в апарт-отель YE'S,,,
106822547,Москва,Ай-Теко (I-Teco),Системный аналитик,,,
106920036,Москва,Coleman Group,Бизнес-аналитик,,,
106813328,Иркутск,LikeStore (ИП Шехтель Андрей Владимирович),Аналитик данных (ценообразование),80000.0,80000.0,RUR
106902462,Москва,Альфа-Лизинг,Риск-аналитик,,,
105540146,Томск,Финансовые Информационные Системы,Стажер аналитик-проектировщик,,,
106814629,Москва,Лига Цифровой Экономики,Аналитик качества данных,,,
106892498,Москва,Группа компаний ЭРКАФАРМ,Бизнес / системный аналитик,,,
106558411,Москва,РусЭкспресс,"Аналитик данных (Python, Pandas, SQL)",60000.0,,RUR
106513955,Москва,Техноинтеллект,Ведущий системный аналитик,250000.0,400000.0,RUR
106819166,Москва,DSSL,Бизнес-аналитик,,,
106905401,Омск,Диплей,Аналитик [Бизнес/Системный],,,
106470166,Москва,Латера,Бизнес-аналитик,140000.0,,RUR
105357909,Москва,АТР,Аналитик 1С,200000.0,,RUR
106915046,Москва,Концерн Телематика,Аналитик группы внедрения,,,
106914516,Екатеринбург,Ruli.ru,Системный аналитик,,,
85428094,Волгоград,Т-Банк,Системный аналитик,,,
106907936,Москва,Студия разработки Laba,Бизнес-аналитик,70000.0,100000.0,RUR
103673434,Москва,FutureToday,Аналитик в исследовательских проектах,80000.0,120000.0,RUR
106550563,Екатеринбург,Этажидейли,IT - аналитик,,,
106788054,Казань,Евразия Консалтинг,Инвестиционный аналитик,120000.0,140000.0,RUR
106821037,Москва,ВсеИнструменты.ру,Системный аналитик,,,
106826868,Москва,Bambit - агентство цифровой трансформации,Бизнес-аналитик,80000.0,120000.0,RUR
105406125,Москва,ИнфоТеКС,Системный аналитик,,,
106823704,Москва,"Подружка, сеть магазинов",Старший аналитик,,,
106911031,Москва,Юрент,HR аналитик,,,
106882814,Москва,ТРИАТЕК,Бизнес-аналитик,1500.0,,USD
106799408,Москва,Zum Punkt,Бизнес-аналитик,,200000.0,RUR
106306119,Владимир,СЕРВИСХАБ,Системный аналитик,150000.0,,RUR
106824469,Москва,EGAR Technology,Бизнес-аналитик,,,
106891798,Москва,Объединенная металлургическая компания,Аналитик,,,
106892042,Москва,Газпромбанк,Главный системный аналитик/удалённо,,,
106858996,Москва,ЦИФРА,Инженер по внедрению ПО (Бизнес-аналитик),,,
106123566,Казань,Школа программирования для детей Code-Class,Бизнес-аналитик (удалённо),45000.0,50000.0,RUR
105715653,Санкт-Петербург,Томору,Аналитик-скриптолог / Создатель разговорных роботов и чат-ботов,30000.0,70000.0,RUR
106312874,Ростов-на-Дону,DV-Consulting,Аналитик в консалтинговую компанию,,,
106819707,Кемерово,Мария-Ра,Ведущий бизнес-аналитик,130000.0,180000.0,RUR
106511469,Калининград,Профиланс Групп,Маркетолог-аналитик (удаленно),80000.0,90000.0,RUR
99955647,Санкт-Петербург,ELMA,Аналитик,,,
106354014,Екатеринбург,Remokate,Системный аналитик,110000.0,280000.0,RUR
105856473,Новосибирск,Мария-Ра,Ведущий бизнес-аналитик,130000.0,180000.0,RUR
100321359,Москва,ИнформТех,Аналитик ЦФТ,150000.0,300000.0,RUR
105338638,Москва,Mandarin,Старший аналитик Ozon/Ведущий менеджер маркетплейсов,100000.0,200000.0,RUR
105876112,Москва,Navicon,Бизнес/ системный аналитик,,,
106819867,Москва,Aston,Бизнес-аналитик 1С (ученик),70000.0,80000.0,RUR
106839397,Казань,МТС Линк,Финансовый менеджер по моделированию и аналитике,,,
106907002,Москва,Callmedia,Бизнес-аналитик,,,
106820489,Москва,HR-Stalker,Аналитик инвестиционных проектов. Джуниор,120000.0,150000.0,RUR
106472807,Нижний Новгород,Compensair LTD,Аналитик,120000.0,150000.0,RUR
106712047,Краснодар,RE-SEPTION,Технический специалист / аналитик,60000.0,,RUR
106328999,Самара,Original Works,Аналитика данных / BI аналитик / WEB-аналитик (Junior),70000.0,90000.0,RUR
106350021,Москва,ЛингуаЛео,Продуктовый аналитик,,,
106886216,Санкт-Петербург,R&D Team (ООО Рдт-Софт),Ведущий бизнес-аналитик,200000.0,,RUR
96437660,Ярославль,Тензор,Продуктовый аналитик (склад),100000.0,,RUR
106726506,Москва,CORE,Системный аналитик (middle),200000.0,,RUR
105485787,Санкт-Петербург,MPSTATS,Системный аналитик (Junior),,,
106648036,Санкт-Петербург,Imprice,Менеджер по внедрению / Бизнес-аналитик,80000.0,150000.0,RUR
106857116,Казань,Северсталь,Аналитик данных CV (Северсталь Диджитал),,,
106851997,Волгоград,Ай-Теко (I-Teco),Аналитик,,,
106888274,Москва,3Logic Group,Системный аналитик,,,
106663754,Москва,Dream Job,Middle Продуктовый аналитик,240000.0,260000.0,RUR
106823465,Самара,ANCOR,Аналитик,105000.0,,RUR
106916898,Москва,NAVEKA,Аналитик (маркетплейсы),80000.0,,RUR
105340616,Москва,Right Choice,Аналитик,35000.0,,RUR
106829960,Краснодар,Мови-СпецТехника,Таможенный аналитик,70000.0,,RUR
106902258,Москва,Physical Transformation/Физикл,Системный аналитик,,,
102114940,Москва,Верме,Бизнес-аналитик,110000.0,,RUR
106708774,Москва,Компания Самолет,Аналитик данных,,,
106904564,Тверь,Tibbo Systems,Аналитик,,,
106880173,Санкт-Петербург,С.ВОРД,Заместитель руководителя digital-департамента (маркетинг и аналитика),110000.0,130000.0,RUR
105895197,Москва,Урса Технолаб,Аналитик,170000.0,,RUR
105957632,Москва,Игнатьев Александр Сергеевич,Аналитик в E-commerce,80000.0,,RUR
106901706,Москва,Ventra IT Solutions,Бизнес-аналитик,,,
106896985,Москва,Spice Agency,Бизнес-аналитик IT (проекты внедрения),,200000.0,RUR
106562218,Самара,42,Аналитик,,,
106860425,Москва,Чит-код,Аналитик 1С (удаленно),150000.0,230000.0,RUR
105003325,Москва,БК Олимп,Аналитик,,,
106653172,Москва,DentalFantasy,IT project-аналитик,200000.0,,RUR
104830454,Уфа,SL Soft,Младший аналитик (RPA платформа),,,
106605123,Рязань,СТЕКПОИНТ,Fullstack Analyst,,,
103282337,Москва,Brandpool East,Junior analyst / Младший аналитик (категория Одежда),60000.0,,RUR
105829790,Москва,Фрифлекс,Системный аналитик,110000.0,160000.0,RUR
106576438,Москва,МЦ-Сервис Инжиниринг,Разработчик / аналитик BI,140000.0,170000.0,RUR
106835384,Москва,Главгосэкспертиза России,Системный аналитик,,,
104740109,Краснодар,Piratecode,WEB Бизнес-аналитик,100000.0,,RUR
105686051,Санкт-Петербург,Мегамаркет,Аналитик данных / Маркетинговый аналитик,,,
106914856,Москва,WILDBERRIES,Аналитик данных / Senior Data Analyst,,,
106921426,Москва,Эмфи,Бизнес-аналитик,70000.0,,RUR
106670761,Краснодар,Самокат (ООО Умный ритейл),Аналитик данных по управлению цепочками поставок,,,
105844794,Москва,B.ART,Продуктовый аналитик,130000.0,,RUR
106551856,Калининград,BOXX,Аналитик 1С,100000.0,150000.0,RUR
105793520,Москва,Медиапоинт,Аналитик по внутренним данным,,,
106908174,Москва,Корп Софт,Аналитик 1С Документооборот,250000.0,,RUR
106921528,Москва,Ригла,Бизнес-аналитик,,,
106317221,Москва,Альфа-Банк,Ведущий кредитный аналитик,115000.0,,RUR
106073649,Москва,Метт,Продуктовый аналитик,100000.0,,RUR
102167682,Москва,2ГИС,Системный аналитик в сервис Транспорта,,,
106913535,Москва,Автомакон,Аналитик,115000.0,180000.0,RUR
106912108,Москва,Призма,Системный аналитик,,,
98459789,Москва,РБК,Аналитик данных/Системный аналитик,,350000.0,RUR
106852767,Москва,Главгосэкспертиза России,Руководитель проектов (системный аналитик),,,
106920306,Саратов,Соцмедиамаркетинг,Аналитик информационного поля,27500.0,33000.0,RUR
105501950,Москва,Kupicase.ru,"Помощник аналитика, удаленно",30000.0,40000.0,RUR
106837878,Липецк,Группа НЛМК,Главный специалист (бизнес-аналитик),,,
106885076,Нижний Новгород,БФТ-Холдинг (Бюджетные и Финансовые Технологии),Бизнес-аналитик,,,
106922609,Москва,Лемана ПРО (Леруа Мерлен),Инженер данных в отдел аналитики,,,
106830047,Москва,Центр Интеграции Приложений,Аналитик - программист,,,
106822058,Санкт-Петербург,IBS,Ведущий Бизнес Аналитик,,,
106444635,Москва,BrainHub,Консультант/Аналитик 1С,300000.0,350000.0,RUR
106577247,Москва,NAUMEN,Аналитик-разработчик моделей машинного обучения,,,
106575055,Москва,FIX PRICE,Аналитик ML,,,
106019113,Москва,СберСити,Системный аналитик,,,
106821533,Москва,HR-Stalker,Аналитик инвестиционных проектов,180000.0,250000.0,RUR
106703352,Москва,Айлиев Илья Константинович,Финансовый аналитик,100000.0,150000.0,RUR
106928974,Москва,NAUMEN,Аналитик внедрения,,,
106925561,Москва,Цимерле Алина Тиграновна,Менеджер-аналитик маркетплейсов Wildberries,50000.0,,RUR
106914113,Москва,JackPoker,Системный аналитик,1500.0,3000.0,USD
106921903,Москва,Завод лестниц на металлическом каркасе,Бизнес-аналитик в производственную компанию,80000.0,120000.0,RUR
101258419,Москва,Профи (profi.ru),Тимлид продуктовой аналитики кластера «Специалисты»,390000.0,490000.0,RUR
103281999,Москва,Автомакон,Бизнес-аналитик,190000.0,,RUR
106853960,Москва,Северсталь,Аналитик данных CV (Северсталь Диджитал),,,
106241221,Москва,РОКЕТ ЛАУНЧ,Менеджер по новинкам уходовой косметики Китай и Корея бренда VOIS | Аналитик новинок,,,
106770502,Москва,Инфотек,Системный аналитик/Технический писатель,,,
106923725,Санкт-Петербург,Pro.StartUp,Бизнес-аналитик,70000.0,,RUR
106213387,Москва,CLS Global,Marketing Analyst(Crypto),1700.0,2500.0,USD
106844801,Москва,Центр Орбита,Data Analyst,,,
106572300,Чебоксары,Бэкспарк,Системный аналитик,100000.0,,RUR
92040274,Москва,Ельмикеев Евгений Иванович,Аналитик Power BI (стажер),25000.0,,RUR
106141033,Санкт-Петербург,Елея IT,Бизнес аналитик,200000.0,,RUR
105746699,Москва,Исаева Татьяна Юрьевна,Ассистент инвестиционного аналитика,70000.0,120000.0,RUR
106868375,Санкт-Петербург,Первый ОФД,Системный аналитик,200000.0,,RUR
106905843,Москва,FIX,Продуктовый аналитик,,,
106361601,Санкт-Петербург,Слёрм,Маркетолог-аналитик (проверка маркетинговых гипотез),100000.0,,RUR
106853785,Москва,Антифишинг,Системный аналитик (продуктовая разработка),,,
106883698,Москва,Инжиниринговый холдинг «эВ-групп»,Системный аналитик,,,
106921685,Москва,Remokate,System Analyst / Системный аналитик,,350000.0,RUR
106022541,Екатеринбург,Боярский Максим Игоревич,Специалист по контекстной рекламе / Директолог и начинающий аналитик,,80000.0,RUR
106900977,Москва,Московский Кредитный Банк,Системный аналитик(Процессинг),,,
106853289,Набережные Челны,УАЗ,Аналитик 1С Управление торговлей/Документооборот,,,
106891986,Екатеринбург,ПромоДата,Аналитик (FMCG),45000.0,55000.0,RUR
106449115,Москва,Bramex,Менеджер по бизнес-процессам//бизнес-аналитик,,,
104354658,Санкт-Петербург,Zoon.ru,Финансовый аналитик,,,
106412421,Нижний Новгород,CMD-Service,Аналитик,65000.0,65000.0,RUR
105494959,Москва,Полифорум,Аналитик / спичрайтер / бизнес-обозреватель,150000.0,250000.0,RUR
105824195,Красноярск,Томору,Аналитик-скриптолог / Создатель разговорных роботов и чат-ботов,30000.0,70000.0,RUR
106453292,Москва,AIST (ИП Изотова Ирина Юрьевна),Аналитик маркетплейсов,80000.0,,RUR
106837941,Москва,ПЛЮСПЭЙ,Бизнес-системный аналитик,,,
105798880,Санкт-Петербург,Всем Дом,Revenue - analyst / Ревеню - аналитик,35000.0,45000.0,RUR
106925061,Москва,Московская Биржа,Системный аналитик,,,
106839231,Москва,Selecty,Аналитик 1С (ЗУП),200000.0,250000.0,RUR
106899358,Элиста,Fast Tools,Финансовый аналитик маркетплейсы,20000.0,,RUR
103538754,Санкт-Петербург,Gudwin Consulting,Аналитик-консультант 1С (удаленно),,,
106617427,Москва,Centicore,Системный аналитик,250000.0,380000.0,RUR
106846985,Москва,Здоровые инвестиции,Кредитный аналитик,80000.0,,RUR
106920304,Волгоград,Соцмедиамаркетинг,Аналитик информационного поля,27500.0,33000.0,RUR
106135625,Москва,Саркисова Татьяна Николаевна,Аналитик Power BI / Разработчик Power BI,90000.0,,RUR
106880765,Москва,Data World,"Системный аналитик (Интеграционный финтех продукт ""Выплаты. Зарплатные реестры"")",170000.0,230000.0,RUR
106923550,Москва,Матрешка Лаб,Системный аналитик,160000.0,230000.0,RUR
106840536,Екатеринбург,ООО СТМ – Сервис (предприятие машиностроительного холдинга АО Синара-Транспортные Машины),"Ведущий специалист (бизнес-аналитик) по направлению ""Планирование и учет затрат на производство""",,,
106821583,Нижний Новгород,"Бристоль, сеть магазинов",Ведущий аналитик 1С (Розница),320000.0,320000.0,RUR
106064145,Москва,Интернет РЕВОЛЮЦИЯ,Специалист по анализу рынка/маркетолог-аналитик/аналитик данных,60000.0,60000.0,RUR
106727326,Санкт-Петербург,Парфюмерно-косметический супермаркет Золотое Яблоко,Системный аналитик (Merchant),,,
106923979,Астана,HIRE5 INC,Commercial Real Estate Analyst,,,
106616768,Ташкент,Финансовые Информационные Системы,Стажер аналитик-проектировщик (Ташкент),30000.0,,RUR
105856520,Томск,Мария-Ра,Ведущий бизнес-аналитик,130000.0,180000.0,RUR
106791499,Нижний Новгород,Константа,Аналитик 1С,100000.0,200000.0,RUR
106887410,Санкт-Петербург,ЕСМ Групп Про,Ведущий бизнес-аналитик,,,
106116990,Москва,Юрент,Аналитик данных,,,
106069384,Москва,Автомакон,Системный аналитик (ВкусВилл),257000.0,342000.0,RUR
106655009,Москва,NGENIX,Системный аналитик / Технический писатель,,,
106905630,Владивосток,Odyssey Consulting Group,Консультант 1С\Аналитик 1С (Отдел Сопровождения),,,
100565699,Казань,ФТО,Бизнес-аналитик BI,120000.0,170000.0,RUR
105809870,Москва,Автомакон,Стажер Дата Аналитик,,25000.0,RUR
106000810,Москва,PravoTech,Business analyst / Бизнес-аналитик,,210000.0,RUR
106829905,Москва,Финансовые Платформы,System Analyst / Системный Аналитик (English and French),,,
100565697,Краснодар,ФТО,Бизнес-аналитик BI,120000.0,170000.0,RUR
105725182,Москва,Дельба,Маркетолог-аналитик / Интернет-маркетолог / Digital маркетолог,100000.0,,RUR
106521333,Москва,Медиапоинт,Специалист по аналитике и медиабаингу,,,
106841586,Москва,BORK,Системный аналитик,,,
99224314,Саранск,Лига Кода,Аналитик 1С,150000.0,250000.0,RUR
106123380,Белгород,Wizart.pro,Бизнес-аналитик,90000.0,150000.0,RUR
105632431,Москва,Тайрай,Ведущий бизнес-аналитик (гибрид),230000.0,,RUR
100565696,Новосибирск,ФТО,Бизнес-аналитик BI,120000.0,170000.0,RUR
106551385,Москва,Спортмастер,Бизнес-аналитик (Сегментация),,,
105748271,Москва,Мамаева Ирина Анатольевна,Аналитик данных,,170000.0,RUR
106273036,Москва,БПМ-Эксперт,Аналитик,160000.0,180000.0,RUR
106920668,Москва,Цифра брокер,BI-аналитик,,,
106671827,Москва,Джемтех,Системный аналитик (Fintech),,,
104900949,Казань,Zoon.ru,Финансовый аналитик,,,
106873169,Москва,Зайков Александр Сергеевич,Продуктовый аналитик / Категорийный менеджер (сантехника),130000.0,,RUR
103355003,Москва,"ДИКСИ, группа компаний",Консультант-аналитик 1С ЗУП,,,
106343160,Москва,ЭстэйтЛига,Веб-аналитик (BI аналитик) удалённо,100000.0,150000.0,RUR
106799218,Самара,Производственная Безопасность и Экология,Консультант 1С/Аналитик 1С/Стажер 1C,40000.0,80000.0,RUR
94599227,Москва,Миксвел,Lead системный аналитик,,,
105502140,Москва,Интерсофт Лаб,Бизнес-аналитик IT,,,
103989694,Москва,Сотка,Руководитель отдела аналитики,,,
106472808,Казань,Compensair LTD,Аналитик,120000.0,150000.0,RUR
106886131,Москва,Лига Ставок,Ведущий/Главный системный аналитик,,,
106887521,Москва,StormWall™,Инженер-аналитик технической поддержки (anti DDOS),,,
106906013,Москва,ASTONS,Аналитик рынка недвижимости,,,
105636674,Москва,Пм-Ассистент,Аналитик бизнес-процессов,150000.0,,RUR
106208821,Самара,42,Системный аналитик (удаленно по РФ),,,
106469666,Санкт-Петербург,KOTELOV,Бизнес-аналитик,,,
106307491,Москва,Бьюти корп,Менеджер аналитик-маркетолог по работе с маркетплейсами,100000.0,300000.0,RUR
106917706,Самара,Aston,Системный аналитик (ученик),70000.0,80000.0,RUR
106485026,Москва,Автомакон,Cтажер - Системный аналитик,,25000.0,RUR
106891334,Москва,ru.shopping (ООО РАШ),Аналитик 1С,,,
105362458,Новосибирск,Mycego,Аналитик маркетплейс / маркетолог аналитик,50000.0,100000.0,RUR
106657618,Москва,Корада,Аналитик 1С,150000.0,200000.0,RUR
106722436,Москва,STARTRIBE LTD,Бизнес-системный аналитик / Business System Analyst,,,
106793849,Санкт-Петербург,Инфостарт,Аналитик 1С (ERP),250000.0,,RUR
106925059,Москва,Московская Биржа,Системный аналитик,,,
105944305,Грозный,Жиленков Евгений Валерьевич,Аналитик / Категорийный менеджер маркетплейсов / Wildberries,100000.0,300000.0,RUR
106634423,Санкт-Петербург,Enjoypro,Системный аналитик,200000.0,250000.0,RUR
105843875,Санкт-Петербург,Eduson.tv,Аналитик в отдел контента (разработка онлайн-курсов),,100000.0,RUR
106396630,Екатеринбург,Decart IT-production,Системный аналитик,240000.0,315000.0,RUR
106861536,Москва,makeROI,Системный аналитик (Эксперт по внедрению amoCRM),120000.0,180000.0,RUR
106781946,Тольятти,ДСК Пластик Омниум Инержи,Аналитик 1С,,,
105796411,Пермь,Spectr,Системный аналитик,,250000.0,RUR
105913091,Москва,Brandpool East,Data аналитик,,,
106353971,Москва,JVO.ru,Менеджер по продажам (IT сервис аналитики маркетплейсов),200000.0,400000.0,RUR
106704880,Курск,Alister group,Специалист по внедрению AmoCrm\ Бизнес-аналитик AmoCrm (удаленно),50000.0,130000.0,RUR
106923978,Армения,HIRE5 INC,Commercial Real Estate Analyst,,,
106062151,Москва,ПОТОК,Бизнес-аналитик/Fullstack-аналитик IT,,,
106897559,Самара,Ozon,"Системный аналитик, группа продукта Корзина",,,
105712564,Барнаул,Мария-Ра,Ведущий бизнес-аналитик,130000.0,180000.0,RUR
106818600,Санкт-Петербург,Полянская Елена Станиславовна,Аналитик-закупщик (Китай) / Аналитик на маркетплейсы,80000.0,,RUR
106668236,Москва,СЗ Новая Ливадия,Консультант-аналитик 1С Документооборот,150000.0,,RUR
106321551,Москва,Фасхутдинов Динар Русланович,DeFi аналитик,,,
106454055,Москва,Ростелеком Контакт-центр,Специалист по расчетам KPI контакт-центра/Аналитик,,80000.0,RUR
106826869,Санкт-Петербург,Bambit - агентство цифровой трансформации,Бизнес-аналитик,80000.0,120000.0,RUR
106858260,Москва,ТехноНИКОЛЬ,Аналитик 1С (Транспортная логистика),,,
106789740,Москва,Финтех Консалтинг,Аналитик 1С ERP,80000.0,96000.0,RUR
106832921,Москва,AKRON HOLDING,Ведущий аналитик 1С ЗУП,,,
104660599,Москва,Чижик,Бизнес-аналитик (направление логистики),,,
105790609,ОАЭ,Shanyraq Cargo FZCO,Аналитик Amazon,,,
106922667,Нижний Новгород,GLOBALTEAM RUSSIA,Аналитик отдела мерчандайзинга,50000.0,55000.0,RUR
105884487,Тольятти,Лаборатория Свободных Решений,Аналитик (бизнес-аналитик/системный аналитик),80000.0,150000.0,RUR
101841126,Санкт-Петербург,НОНТОН,Аналитик 1С,150000.0,200000.0,RUR
105509450,Москва,evrone.ru,Бизнес аналитик (Fintech),,350000.0,RUR
106410577,Алматы,UPPERCASE UAE,Продуктовый аналитик,,,
106609927,Санкт-Петербург,Группа компаний AGAVA-S,Аналитик рынка и маркетинга в динамично развивающуюся компанию,75000.0,,RUR
106844348,Нижний Новгород,Aston,Дата аналитик/аналитик данных (ученик),100000.0,110000.0,RUR
105516187,Москва,Альфа-Банк,Главный аналитик / Team Lead BI (DWH),,,
105293325,Тбилиси,Защищенные Телекоммуникации,Data Analyst | Аналитик данных,,,
106725722,Москва,Парфюмерно-косметический супермаркет Золотое Яблоко,Системный аналитик (Товародвижение),,,
106838374,Артемовский (Свердловская область),Мельников Артём Игоревич,Маркетолог-аналитик (в магазин мини-игрушек),45000.0,,RUR
106588193,Москва,Буличенко Групп,Финансовый менеджер / финансовый аналитик,50000.0,80000.0,RUR
106620339,Хабаровск,Odyssey Consulting Group,Консультант 1С\Аналитик 1С (Отдел Сопровождения),,,
106855788,Москва,АЙТИ.СПЕЙС,Аналитик КХД/DWH (Senior),,,
106141028,Москва,Алкомед,Тендерный аналитик,70000.0,90000.0,RUR
106851836,Москва,Круиз.онлайн,Веб-аналитик/Специалист по внедрению сквозной аналитики,120000.0,,RUR
106813266,Москва,Вэбест,Системный аналитик,160000.0,,RUR
106891987,Москва,ПромоДата,Аналитик (FMCG),45000.0,55000.0,RUR
105992339,Москва,Пикабу,Middle Product Analyst,270000.0,300000.0,RUR
106525056,Москва,Compensair LTD,Аналитик,120000.0,150000.0,RUR
105819323,Тбилиси,TOOLS FOR BROKERS,Системный / бизнес аналитик,1200.0,,USD
101649800,Санкт-Петербург,Омега Технологии будущего,Аналитик 1С:Документооборот,,,
80569403,Москва,Центр Методического Обеспечения Оптимизации Процессов Государственного Управления в Московской области,Системный аналитик (Госуслуги МО),,,
106589151,Москва,GGroupp (ООО Джигрупп),Business / System analyst (low-code) Бизнес / Системный аналитик,,200000.0,RUR
106874960,Казань,Sibdev,IT-аналитик Middle (заказная разработка),90000.0,150000.0,RUR
105916794,Рязань,Credus,Системный аналитик,,,
106179725,Санкт-Петербург,Роадгид,Бизнес-аналитик/системный аналитик в BI отдел,200000.0,,RUR
106353136,Москва,Remokate,Системный аналитик / System Analyst,,,
105723280,Москва,Renera Development,Аналитик отдела маркетинга,100000.0,,RUR
106123381,Петрозаводск,Wizart.pro,Бизнес-аналитик,90000.0,150000.0,RUR
106824826,Краснодар,Полянская Елена Станиславовна,Аналитик-закупщик (Китай) / Аналитик на маркетплейсы,80000.0,,RUR
104575640,США,IT-Agency,Marketing analyst,2500.0,4000.0,USD
103557156,Екатеринбург,IBS,Системный аналитик,,,
95566426,Москва,Умскул,Продуктовый аналитик,,,
105736051,Москва,Автомакон,Системный аналитик,100000.0,200000.0,RUR
106009007,Москва,Astro7,Data Analyst/ Аналитик данных,,,
105641784,Ульяновск,Simtech Development,Системный аналитик,,,
106837740,Москва,Прямой Контракт,Аналитик по подбору товара wildberries / Менеджер по новинкам вб,,,
106345884,Москва,БрендсХаб,Маркетолог-аналитик проекта AMAZON,,,
106720552,Москва,Балина Ирина Юрьевна,Финансовый аналитик,40000.0,80000.0,RUR
106205788,Москва,12 STOREEZ,Бизнес-аналитик (в команду DWH),,,
106892685,Минск,Т1,Аналитик 1С,,,
104463970,Москва,БК Олимп,Analyst,,,
106695226,Челябинск,Центр Информационных Технологий,Системный аналитик (Middle),,,
106764694,Санкт-Петербург,S2B Group,Бизнес-аналитик/Аналитик интегратор (IT решения),,,
106306785,Москва,М.Видео-Эльдорадо,Бизнес-аналитик,,,
106821252,Санкт-Петербург,STAFF VOICE,Системный аналитик,,220000.0,RUR
106844142,Москва,Витамин,Аналитик маркетплейсов в Мой склад (удаленно),,30000.0,RUR
106859880,Санкт-Петербург,Aston,Junior Business Analyst,,,
106386045,Москва,Бланк – банк для бизнеса,Руководитель команды бизнес-аналитиков,,,
106178506,Москва,Платформа,"Системный/Бизнес аналитик (middle, senior)",,330000.0,RUR
106770091,Москва,Раппорто,Системный аналитик,,,
106376957,Москва,ТОЧКА ЗНАНИЙ,Маркетолог-аналитик в онлайн-школу,80000.0,120000.0,RUR
105986751,Новосибирск,ДельтаЛизинг,Аналитик данных,,,
106313608,Москва,YouTubeGuru Media Group,"Аналитик данных (Маркетинг, трафик)",,100000.0,RUR
105217513,Москва,"САТЕЛ, Группа компаний",Аналитик,,,
106491702,Иваново (Ивановская область),Джусап,Бизес-аналитик / специалист по СРМ (АМО/ Битрикс24),50000.0,70000.0,RUR
103893274,Санкт-Петербург,Русские решения,Аналитик 1С,90000.0,110000.0,RUR
106825447,Казань,Aston,Бизнес-аналитик/Business Analyst,,,
106852384,Москва,Ингосстрах,Технолог (Бизнес/Системный аналитик),,,
106821304,Санкт-Петербург,Aston,Business Analyst (интенсив),,,
105968395,Санкт-Петербург,"585, Холдинг",Бизнес аналитик,,,
106689958,Санкт-Петербург,Информатика и Сервис,Бизнес-аналитик / Специалист по внедрению Битрикс24 (ИТ-компания),,,
106897465,Москва,Ингосстрах,"Технолог (бизнес/системный аналитик, импортозамещение)",,,
105645325,Тула,ITooLabs,Бизнес / системный аналитик,,,
106435978,Москва,Воркми,Системный аналитик (Финтех),300000.0,,RUR
106834315,Москва,"Лента, федеральная розничная сеть",Старший продуктовый аналитик /Senior Data analyst,,,
106018982,Москва,Самолет Плюс,Аналитик рынка новостроек,,,
103989695,Санкт-Петербург,Сотка,Руководитель отдела аналитики,,,
106910584,Москва,DPD в России,Systems Analyst Middle/Системный аналитик (удаленно),,,
105695612,Москва,Emblem,Аналитик данных (маркетплейсы)/Товарный аналитик товаров для творчества Emblem,80000.0,,RUR
106395315,Москва,Ай-Ком,Консультант-аналитик 1С,120000.0,,RUR
105760546,Москва,Эйчар Рокет,BI аналитик. DataLens аналитик (middle),,,
106313869,Казань,MAZALTOVMAN,Маркетолог-аналитик/лид-менеджер/ведущий маркетолог,,,
106392563,Москва,Воробьёв Дмитрий Анатольевич,Менеджер-аналитик по работе с Wildberries (селлер),57000.0,90000.0,RUR
105877863,Москва,Дивлаб,BI аналитик,,,
106407907,Москва,Медиапоинт,Аналитик бизнес-процессов / Business process manager,,,
106714793,Москва,FINAMP,Аналитик с опытом работы на Wildberries,100000.0,,RUR
106287998,Санкт-Петербург,МИТРА СОФТ,Аналитик,,,
106378781,Воронеж,LeadSpace,Аналитик Битрикс24 (удаленно),80000.0,150000.0,RUR
106891063,Москва,Лига Цифровой Экономики,Системный аналитик (E-com),,,
106374290,Новосибирск,МАГ Девелопмент,Консультант-аналитик 1С,120000.0,160000.0,RUR
105943965,Краснодар,Pantacolla,Ведущий менеджер\Аналитик Wildberries (удаленно),60000.0,100000.0,RUR
106141051,Москва,Бреалит,Бизнес аналитик,,,
106797052,Москва,AppMagic,Lead Analyst,,,
105954342,Москва,Лакост,Бизнес аналитик/Business analyst,,,
106598487,Санкт-Петербург,NAUMEN,Младший системный аналитик внедрения Naumen Contact Center,,,
106821834,Москва,А Деньги,Портфельный менеджер/Портфельный аналитик,,,
106407318,Кипр,Защищенные Телекоммуникации,Системный аналитик / System Analyst,,,
106889084,Волгоград,Айти - Альбион,Аналитик проектного отдела 1С,120000.0,180000.0,RUR
104577270,Нижний Новгород,Парфюмерно-косметический супермаркет Золотое Яблоко,Системный аналитик в команду лояльности и авторизации,,,
106909372,Москва,"ВСК, САО",Системный аналитик (команда Фронт ОСАГО клиента),,,
106509429,Москва,Софт-Юнити,Аналитик 1С на проекты (удаленно),230000.0,,RUR
106912710,Гродно,Aston,Системный аналитик (ученик),700.0,800.0,USD
105991770,Москва,РТ КИС,Ведущий бизнес аналитик IT,,,
106858933,Санкт-Петербург,Северсталь,Системный аналитик,,,
106322011,Новосибирск,Интабия,Системный аналитик,,,
106324116,Санкт-Петербург,НОНТОН,Web-аналитик / продуктовый аналитик,,,
104915929,Москва,Fundraise Up,Data Analyst (middle/senior),3700.0,5300.0,USD
105965132,Брянск,Биланикс,Бизнес-тренер (аналитик),80000.0,,RUR
102320894,Москва,Aviasales.ru,Product Analyst (Booking),,,
106090455,Пермь,Индекс успеха,Бизнес-аналитик 1С,100000.0,,RUR
104624860,Москва,УРАЛХИМ,Бизнес-аналитик CRM,180000.0,,RUR
105715238,Нижний Новгород,Созвездие К,Бизнес-тренер (аналитик),80000.0,,RUR
106242746,Польша,Тимошина Евгения Дмитриевна,Финансовый аналитик,,,
103259034,Москва,АйтиСФ,Кредитный аналитик/андеррайтер (оценка юридических лиц),,,
105744282,Москва,Engenius Pro,Product Owner/аналитик,200000.0,300000.0,RUR
106271981,Москва,Инвиста,Lead аналитики,,300000.0,RUR
106838410,Санкт-Петербург,Ростелеком,Системный аналитик разработки ПО,,,
106425759,Новосибирск,МАГ Девелопмент,Бизнес-аналитик (управление запасами),,,
97688799,Москва,МЦ-Сервис Инжиниринг,Аналитик в компанию разработки ПО (удаленно),120000.0,160000.0,RUR
106931950,Минск,СофтСервис,Бизнес-аналитик 1С:ERP,,,
105761881,Москва,Мухутдинова Лейсан Ленаровна,Финансовый аналитик,120000.0,,RUR
106274828,Москва,Слёрм,Маркетолог-аналитик (проверка маркетинговых гипотез),100000.0,,RUR
106079402,Москва,Aston,Системный аналитик/System Analyst (стажер),70000.0,80000.0,RUR
106856280,Москва,Dex,Системный аналитик (SA) Мидл Удаленно,180000.0,200000.0,RUR
103593558,Москва,Ростелеком,Аналитик 1С (ЗУП),,,
106413090,Москва,АДС-Cофт,Аналитик 1С,,,
102129146,Москва,Авексима,Системный аналитик (Junior+/Middle)/удаленно,,,
105747794,Кипр,Alma (Argo Software LTD),Системный аналитик в IT компанию,1000.0,1500.0,EUR
106325797,Москва,Круиз.онлайн,Бизнес аналитик/Business analyst (BA),,,
106494851,Ижевск,Varlamov Group,Маркетолог- аналитик (маркетплейсы),,,
92860377,Новосибирск,Финтех Айкью,Системный аналитик,,,
106858730,Москва,Гринатом,Аналитик 1С,,,
106756344,Москва,Тех Солюшен,Системный аналитик,280000.0,,RUR
99048454,Санкт-Петербург,Лектон,Системный аналитик,,,
106069729,Москва,Самолет Плюс,Продуктовый аналитик,,,
106826871,Краснодар,Bambit - агентство цифровой трансформации,Бизнес-аналитик,80000.0,120000.0,RUR
106908198,Санкт-Петербург,Gudwin Consulting,Ведущий аналитик 1С,,,
100355513,Москва,YADRO,Системный аналитик,,,
106830797,Москва,Aston,Junior Business Analyst,,,
104603643,Москва,Mandarin,Менеджер/ аналитик по работе с маркетплейсом OZON,60000.0,150000.0,RUR
106305991,Москва,М.Видео-Эльдорадо,Веб-аналитик,,,
106691462,Екатеринбург,Нэти,Консультант-аналитик 1С (удаленно),,175000.0,RUR
106916176,Уфа,Азиатско-Тихоокеанский Банк,Системный аналитик ЦФТ,,,
102110995,Москва,Лига Цифровой Экономики,Системный аналитик middle,,,
106505298,Москва,StormWall™,Аналитик WAF,,,
106852303,Самара,Eqvanta,Портфельный аналитик (отдел сопровождения процессов взыскания),,,
106898669,Москва,Икс-Игрек-Зет Автоматизация,Аналитик финансового блока 1С:КА,150000.0,220000.0,RUR
105640538,Москва,ТАНАИС,Аналитик DIRECTUM RX,140000.0,240000.0,RUR
106199994,Москва,Медиапоинт,Data Analyst,,,
106328850,Самара,Гуд Программ,Junior System Analyst / Младший системный аналитик в CRM проекты,,,
106888635,Самара,Aston,Business Analyst/Бизнес аналитик,,,
106899369,Краснодар,билайн,Аналитик Oracle EBS (логистика),,,
106317870,Москва,Puzzle English,Продуктовый аналитик Middle,160000.0,180000.0,RUR
106353966,Санкт-Петербург,JVO.ru,Менеджер по продажам (IT сервис аналитики маркетплейсов),200000.0,400000.0,RUR
106671023,Нижний Новгород,makeROI,Системный аналитик (Эксперт по внедрению amoCRM),100000.0,180000.0,RUR
106340301,Москва,NAUMEN,Младший системный аналитик SD,,,
106554273,Москва,Думбрао Анастасия Андреевна,Категорийный аналитик/Продуктолог (Маркетплейсы),60000.0,140000.0,RUR
106761181,Москва,Madison Consult,Системный аналитик (настройка amoCRM),60000.0,90000.0,RUR
105603850,Нижний Новгород,Red Apple,Главный менеджер - аналитик маркетплейса Wildberries / Вайлдберрис,80000.0,,RUR
106783812,Москва,Адакта,Системный аналитик / Бизнес-аналитик,,,
106336257,Москва,Матчинг Гэлэкси,System Analyst,,,
104379493,Екатеринбург,СкайДНС,Системный аналитик,,,
100678768,Москва,Островок,Product Analyst (Internal Process),,,
106920305,Воронеж,Соцмедиамаркетинг,Аналитик информационного поля,27500.0,33000.0,RUR
106021654,Москва,Самолов Груп,Маркетинговый аналитик,40000.0,,RUR
106022383,Москва,Автомакон,Аналитик данных Senior / Data Analyst Senior,300000.0,400000.0,RUR
105813206,Новосибирск,Процесс Оптима,Аналитик бизнес-процессов,,,
100149062,Йошкар-Ола,Haulmont,Бизнес-аналитик (СЭД ТЕЗИС),,,
106835517,Иннополис,Aston,Системный аналитик/System Analyst (junior),80000.0,110000.0,RUR
106633025,Москва,Enjoypro,Системный аналитик,200000.0,250000.0,RUR
105641785,Москва,Simtech Development,Системный аналитик,,,
102206588,Москва,Автомакон,Аналитик 1С (направление ВкусВилл),170000.0,342000.0,RUR
106921549,Москва,Ригла,Teamlead системных аналитиков DWH,,,
106888141,Армения,MY.GAMES,Product Analyst,,,
106269690,Москва,Солгуд,Маркетинговый аналитик / медиа байер,90000.0,,RUR
106920693,Санкт-Петербург,ITentika,Системный аналитик (Middle+/ Senior),,,
106659677,Москва,АГ-Логистик,Ведущий системный аналитик,,300000.0,RUR
106921507,Москва,Ригла,Ведущий системный аналитик DWH,,,
105777675,Москва,ЕврАз Транснет,Системный аналитик,180000.0,250000.0,RUR
106137088,Москва,B2B.TRADE,Финансовый аналитик,,130000.0,RUR
103344347,Москва,Цифровые технологии и платформы,Системный аналитик,,,
106413189,Москва,Галяева Юлия Дамировна,Бизнес-аналитик по проектным внедрениям,,,
105968394,Москва,"585, Холдинг",Бизнес аналитик,,,
105983360,Москва,MATRIX SYSTEMS,Cистемный аналитик,,,
105470209,Санкт-Петербург,Чит-код,Аналитик 1С (удаленно),150000.0,230000.0,RUR
106913825,Тверь,Первый Бит,Аналитик 1С,,,
106833255,Москва,OptiTeam,Аналитик / Архитектор,,,
105969112,Астана,Оптимакрос,Middle Analyst (Аналитик),,,
105847155,Москва,КДВ Групп,Аналитик ИБ,,,
106645887,Санкт-Петербург,Нэти,Консультант-аналитик 1С (удаленно),,175000.0,RUR
106729092,Москва,Мединвестгрупп,Аналитик 1С ERP,,,
105515150,Назрань,Центр АЗы,Менеджер-аналитик в IT компанию,60000.0,150000.0,RUR
106116588,Москва,Половинкина Ольга,Аналитик по маркетплейсам,80000.0,,RUR
105711967,Новосибирск,Decart IT-production,Системный аналитик,,,
106013167,Москва,Simple Sales,Бизнес-аналитик Bitrix,100000.0,,RUR
100149055,Нижний Новгород,Haulmont,Бизнес-аналитик (СЭД ТЕЗИС),,,
106634985,Москва,NAUMEN,Аналитик команды продукта Naumen Project Ruler,,,
106921566,Москва,Ригла,Teamlead fullstack аналитиков (руководитель группы),,,
106335498,Екатеринбург,Слёрм,Маркетолог-аналитик (проверка маркетинговых гипотез),100000.0,,RUR
106204016,Москва,WILDBERRIES,Product Analyst в Wildberries,,,
106615096,Москва,Дата Дженерейшн,Аналитик DWH / Системный аналитик,,250000.0,RUR
105547363,Москва,Madison Consult,Бизнес-Аналитик (amoCRM + Sensei),120000.0,150000.0,RUR
106018965,Москва,Компания Самолет,HR Аналитик,,,
106893210,Баку,ТРТ,Business Analyst / System Analyst,,,
106911936,Новосибирск,HR-центр Аллы Литвиновой,Менеджер по продажам сервиса аналитики,100000.0,,RUR
106450701,Москва,FunBox,Системный аналитик,,,
106444680,Москва,Фасхутдинов Динар Русланович,Копирайтер-аналитик,,,
106420664,Москва,ФЛАУВАУ,Lead BI Analyst,,,
105760412,Москва,Самокат (ООО Умный ритейл),Старший финансовый аналитик (бюджетирование),,,
105879987,Москва,Notamedia,Системный аналитик,,,
106386550,Казань,Кудряшов Игорь Николаевич,Менеджер по Поставкам/Аналитик маркетплейса Вайлдберрис Wildberries,25000.0,120000.0,RUR
105849019,Москва,Первый Мебельный,Бизнес-аналитик,,,
106636495,Краснодар,КИСЕЛЕВ ГРУПП,Бизнес-аналитик (Битрикс24),,,
106126392,Москва,KZM Календарь замеров и монтажей,"Интегратор аналитик amoCRM, Битрикс 24",50000.0,128000.0,RUR
106558601,Москва,Wildbox,Руководитель группы консалтинговых услуг в сервис аналитики,150000.0,250000.0,RUR
105672071,Москва,Теории от практиков,Системный Аналитик / Business Analyst,,250000.0,RUR
106294669,Тула,СТАНДАРТПАРК,"Аналитик 1С (ERP, производство)",200000.0,,RUR
104383343,Нижний Новгород,Zoon.ru,Финансовый аналитик,,,
103673614,Москва,Самокат (ООО Умный ритейл),Ведущий финансовый аналитик (бюджетирование),,,
103486408,Самара,Ойком,Системный аналитик,150000.0,195000.0,RUR
106923818,Москва,Байт,Аналитик / Ведущий аналитик 1С по регламентированному учету,,,
106001567,Новосибирск,SDO,Специалист по привлечению трафика / Аналитик данных,1000.0,2000.0,USD
106021995,Москва,Самолов Груп,Клиентский аналитик,40000.0,,RUR
104136470,Москва,ПУЛЬС АЙТИМ,Системный аналитик (e-commerce),,,
106794286,Екатеринбург,NAUMEN,Руководитель группы аналитиков поддержки Naumen Erudite,,,
106843220,Москва,Outlines Technologies,Аналитик данных CRM,,250000.0,RUR
106454790,Москва,Качалова Инга Андреевна,Продакт-менеджер / Аналитик-закупщик по маркетплейсам,80000.0,,RUR
106553241,Санкт-Петербург,Seller24,Менеджер по работе с маркетплейсами/аналитик,60000.0,100000.0,RUR
106328979,Симферополь,Гуд Программ,Junior System Analyst/ Младший системный аналитик в CRM проекты,,,
106426492,Ярославль,билайн,Бизнес-аналитик (дашборды),,,
106836604,Москва,АЙТИ.СПЕЙС,Системный аналитик,,280000.0,RUR
105717325,Москва,MANGO OFFICE,Senior PHP Developer (Речевая аналитика),,,
105864722,Москва,NAUMEN,Аналитик (системный/бизнес),,,
104384017,Санкт-Петербург,IDC IT,Бизнес-аналитик / Менеджер IT проектов (Битрикс24),60000.0,,RUR
106713438,Москва,Перфект Системс,Business/System Analyst,160000.0,,RUR
105674503,Москва,NEXTEPIC,"Системный аналитик (middle+, удаленно)",270000.0,,RUR
106006002,Воронеж,Инсайрес,Бизнес-аналитик,,,
106113574,Санкт-Петербург,Aston,Системный аналитик/System Analyst (junior),80000.0,110000.0,RUR
106688914,Тула,Intensa,Старший аналитик в ecommerce / консалтинг,,,
105877848,Минск,Бэлл Интегратор,Системный аналитик,,,
106135645,Москва,Конев Михаил Юрьевич,"Аналитик (удаленно) E-commerce (Ozon, WB)",60000.0,120000.0,RUR
106084268,Москва,А101,Инвестиционный аналитик,,,
106364232,Екатеринбург,Соль,Бизнес-аналитик/эксперт Битрикс24,130000.0,150000.0,RUR
106316248,Москва,Альфа-Банк,Системный аналитик инфраструктурных проектов,,,
106911275,Москва,Гринатом,Аналитик 1С: УХ,,,
105837556,Москва,ИнфраМенеджер,"Бизнес-аналитик (сфера ИТ, ITSM)",,,
106191746,Москва,Воронин Дмитрий Олегович,Аналитик маркетплейсов,120000.0,,RUR
106833211,Москва,Первый Бит,"Аналитик 1С (Медицина, Больница)",,,
102813242,Москва,Миксвел,Системный аналитик (middle),,,
104961858,Тбилиси,GAMETEQ,Маркетинговый аналитик,,,
105544577,Москва,Абсеметов Александр Михайлович,Тренд-аналитик,,,
91606817,Москва,1C-Рарус,Аналитик 1С,,230000.0,RUR
105651265,Москва,ФККГруп,Системный аналитик (openstack),,,
106324388,Санкт-Петербург,SEOWORK,SEO-аналитик/SEO-специалист,,,
105631885,Саранск,Кодалитика,Аналитик 1С,200000.0,300000.0,RUR
106262175,Краснодар,Антонова Оксана Михайловна,Аналитик-Консультант 1С УТ 11,100000.0,,RUR
106662985,Москва,Карабога Мухаммет,Аналитик по внедрению ПО,100000.0,,RUR
105518778,Санкт-Петербург,AXELSOFT,Аналитик 1С ЗУП,130000.0,250000.0,RUR
106343747,Санкт-Петербург,Формат кода,Системный аналитик,,300000.0,RUR
106839598,Москва,билайн,Web-аналитик,,,
105526930,Москва,РТ КИС,Руководитель отдела аналитики,,,
106335363,Казань,Слёрм,Маркетолог-аналитик (проверка маркетинговых гипотез),100000.0,,RUR
106043750,Москва,Платформа,Аналитик/инженер данных middle,,,
101879170,Москва,Деловые Решения и Технологии (ДРТ),Старший консультант в отдел стратегического консультирования и аналитики,,,
106519091,Санкт-Петербург,Black Shark Recruiting,Старший системный аналитик,250000.0,300000.0,RUR
106923695,Санкт-Петербург,Pro.StartUp,Бизнес-консультант (Аналитик),60000.0,,RUR
106768696,Москва,SSP SOFT,"Системный аналитик (Middle+, Senior)",,,
105639151,Москва,AnyClass,Продуктовый аналитик (EdTech),200000.0,,RUR
106411510,Санкт-Петербург,Самокат (ООО Умный ритейл),Старший финансовый аналитик (бюджетирование),,,
103208521,Санкт-Петербург,РАУ ИТ,Аналитик 1С,,250000.0,RUR
104549204,Москва,NAUMEN,Системный аналитик по информационной безопасности,,,
106815635,Минск,Aston,Системный аналитик/System Analyst (стажер),700.0,800.0,USD
101475224,Уфа,Haulmont,Бизнес-аналитик (СЭД ТЕЗИС),,,
105750723,Москва,КСА,Консультант/Аналитик 1С (удаленно),250000.0,330000.0,RUR
106014117,Москва,РОКЕТ ЛАУНЧ,Руководитель SMM / SMM-аналитик бренда VOIS (уходовая косметика) | Lead of SMM,,200000.0,RUR
106166600,Санкт-Петербург,Омега Технологии будущего,Аналитик 1С:ЗУП,,,
106324025,Москва,Автомакон,Аналитик данных Middle+ / Data Analyst,200000.0,300000.0,RUR
105818404,Казань,Бизнес Апгрейд,Консультант 1с/Аналитик 1с (Middle),150000.0,,RUR
103801945,Москва,Дмитриев Вячеслав Сергеевич,Аналитик маркетплейсов (удаленно),60000.0,,RUR
106799300,Москва,Астор,Консультант-аналитик по внедрению SCM,,,
106343942,Москва,Лига Ставок,Старший системный аналитик (Middle),,,
100149059,Ижевск,Haulmont,Бизнес-аналитик (СЭД ТЕЗИС),,,
105879570,Москва,СПРОСИВРАЧА,Продуктовый аналитик,,,
106161255,Москва,Интабия,Системный аналитик,,,
100565698,Екатеринбург,ФТО,Бизнес-аналитик BI,120000.0,170000.0,RUR
105650484,Санкт-Петербург,Маркетинговое Агентство ШОЛЬЧЕВ,Маркетолог-аналитик рекламы на маркетплейсах,150000.0,,RUR
106306518,Москва,Инвиста,Бизнес-аналитик,,200000.0,RUR
105705903,Екатеринбург,Credit.Club,"Бизнес-аналитик (продукт Партнёрская сеть, Онлайн-подписание)",120000.0,,RUR
106636435,Москва,КонсультантПлюс,Продуктовый аналитик/ IT Product Analyst,,,
105872963,Москва,Первый Бит,Аналитик 1С (без системы франчайзинга),140000.0,,RUR
106596858,Екатеринбург,Сабрис Солюшнс,Консультант-аналитик 1С ERP,,,
101287522,Москва,НБК Финанс,Финансовый аналитик,80000.0,,RUR
106179177,Москва,LOGISTIX,Технолог-аналитик в сфере складской логистики,110000.0,140000.0,RUR
106319736,Москва,Защищенные Телекоммуникации,Системный аналитик | System Analyst,,,
106471990,Москва,Соль,Бизнес-аналитик/эксперт Битрикс24,130000.0,150000.0,RUR
103589177,Москва,Aston,1С Аналитик / 1C Analyst,,,
105789297,Москва,StormWall™,Системный аналитик IT,,,
106778291,Москва,Эдсолюшн,Арбитражник-аналитик (native),,,
105641786,Ташкент,Simtech Development,Системный аналитик,,,
106002291,Москва,CORE,Аналитик ЕХД,,300000.0,RUR
106554789,Москва,Astro7,Web-аналитик/маркетинговый аналитик,,,
106393859,Санкт-Петербург,билайн,Бизнес-аналитик (BeeWorks),,,
106339011,Москва,ФОРСАЙТ ЛАБ,Маркетолог-аналитик по маркетплейсам,60000.0,100000.0,RUR
106807459,Самара,ДИДЖИ ТЕХ,Аналитик 1С (Оперативный контур. 1С ERP),,,
100149048,Санкт-Петербург,Haulmont,Бизнес-аналитик (СЭД ТЕЗИС),,,
93927074,Сочи,Aston,System Analyst/Системный Аналитик,,,
101475215,Самара,Haulmont,Бизнес-аналитик (СЭД ТЕЗИС),,,
105853373,Москва,MIA Dev,Системный аналитик,250000.0,300000.0,RUR
105847842,Новосибирск,КДВ Групп,Аналитик ИБ,,,
104992842,Химки (Московская область),ФК ПУЛЬС,Веб-аналитик,,,
105644629,Алматы,IT Support Group,Системный аналитик в компанию №1 по IT-обслуживанию в Казахстане,250000.0,,KZT
106609676,Санкт-Петербург,Маяк,"Менеджер продаж сервиса аналитики маркетплейсов (IT, B2B, удаленно)",70000.0,150000.0,RUR
106006672,Краснодар,Инсайрес,Бизнес аналитик,,,
105194023,Екатеринбург,NOVARDIS,Системный аналитик 1С,,,
103975889,Москва,Райтек,Аналитик на проекты автоматизации производства,,,
106914507,Москва,РТ КИС,Ведущий системный аналитик,,,
106899330,Москва,билайн,Аналитик Oracle EBS (финансы),,,
106104708,Санкт-Петербург,ТОЛК,Руководитель отдела разработки/Аналитик (Внедрение Битрикс24),200000.0,300000.0,RUR
106657858,Москва,Effective,Системный аналитик (DWH) | Senior/Senior+,,,
96112145,Москва,Ригла,Системный аналитик в Здравсити,,,
100149049,Пенза,Haulmont,Бизнес-аналитик (СЭД ТЕЗИС),,,
106054680,Москва,BrainHub,Системный аналитик 1С,300000.0,350000.0,RUR
106840118,Москва,Технологии Доверия,Ведущий аналитик 1С WMS,,,
106508811,Москва,Банк ДОМ.РФ,Системный аналитик в команду малого среднего бизнеса,,,
105233772,Москва,Прайм Финанс,Аналитик 1С,200000.0,250000.0,RUR
105987023,Москва,Спортмастер,Team Lead группы системных аналитиков,,,
106301059,Москва,Нэти,Консультант-аналитик 1С (удаленно),,175000.0,RUR
105914220,Москва,Концепт Разработка,Системный аналитик (Oracle),,,
105990656,Москва,Simple Sales,Бизнес-аналитик amoCRM,90000.0,,RUR
105507561,Москва,Payler,"System Analyst | FinTech, Payments",,,
106129146,Москва,Авентика,Системный аналитик,,,
106345890,Москва,Octasoft,Системный аналитик/Systems Analyst,200000.0,250000.0,RUR
106836356,Казань,Татнефть Цифровые Технологии,Бизнес-аналитик 1С: ERP (middle/senior),,,
104463405,Москва,Автомакон,Системный аналитик,206000.0,,RUR
100149060,Ульяновск,Haulmont,Бизнес-аналитик (СЭД ТЕЗИС),,,
106272309,Москва,Finlead Team,Product/Data analyst,,,
105066546,Белгород,Группа компаний Прикладные решения,Аналитик 1С Бухгалтерский учет (внедрение),65000.0,135000.0,RUR
105232922,Москва,Centicore,Системный аналитик,200000.0,380000.0,RUR
105646588,Москва,СИНЕРГИЯ,Ведущий системный аналитик 1C,250000.0,370000.0,RUR
100149053,Екатеринбург,Haulmont,Бизнес-аналитик (СЭД ТЕЗИС),,,
106820060,Томск,Aston,Бизнес-аналитик 1С (ученик),70000.0,80000.0,RUR
100149051,Волгоград,Haulmont,Бизнес-аналитик (СЭД ТЕЗИС),,,
106470580,Москва,Медиапоинт,Бизнес-аналитик (Middle+/ Senior),,,
106301649,Москва,"iiko, Компания Aйко",Системный аналитик со знанием системы iiko,,,
105858443,Тула,Onellect,Аналитик (ITSM системы),,,
106001566,Москва,SDO,Специалист по привлечению трафика / Аналитик данных,1000.0,2000.0,USD
103150380,Москва,ГоИНВЕСТ,Аналитик-технолог,,,
106183432,Москва,WSS-Consulting,Аналитик,,,
106066533,Саратов,Группа кадровых компаний АКМЭ,Руководитель отдела аналитики и развития,120000.0,140000.0,RUR
105535466,Минск,Тимошина Евгения Дмитриевна,Финансовый аналитик,,,
105981159,Санкт-Петербург,АПолимер,Бизнес-аналитик,50000.0,70000.0,RUR
106335958,Москва,Автомакон,Системный аналитик,233000.0,,RUR
103580043,Москва,Автомакон,Аналитик 1С ЗУП,257000.0,342000.0,RUR
105512334,Москва,Медиапоинт,Analyst,,,
106369252,Москва,Ameton,Системный аналитик в FoodTech проект,120000.0,150000.0,RUR
106488915,Минск,SSP SOFT,Системный аналитик,,,
100149052,Оренбург,Haulmont,Бизнес-аналитик (СЭД ТЕЗИС),,,
106191471,Санкт-Петербург,Фонд Бридж,Руководитель направления аналитики (Поиск и оценка земельных участков),,,
104885817,Санкт-Петербург,Петрович-Тех,Системный аналитик,,,
104731368,Москва,HFLabs,Системный аналитик (продукт «Маскировщик»),200000.0,350000.0,RUR
93171626,Самара,ФТО,Аналитик внедрения 1С,,,
104644048,Кемерово,ЦИФРА,Инженер по внедрению ПО (Бизнес-аналитик),,,
100149047,Тольятти,Haulmont,Бизнес-аналитик (СЭД ТЕЗИС),,,
100225117,Москва,Первая Форма,"Бизнес-аналитик по модулю СЭД (продуктовая ИТ-компания, удаленно)",,,
94376688,Хабаровск,Финтех Айкью,Системный аналитик,,,
105816442,Москва,Островок,Systems Analyst (B2A API),,,
106203951,Москва,ФККГруп,Аналитик бизнес-процессов (ИТ-логистика),,,
106305238,Москва,ИТ-Экспертиза,Аналитик-консультант 1С,,,
105686767,Москва,Оптимальная логистика,Аналитик 1С,210000.0,,RUR
98802749,Москва,FUN&SUN,Full-stack аналитик (Платформа Транспортный Движок),,,
106322446,Пермь,ПроИнфоСервис,Ведущий аналитик на ИТ-проект,100000.0,,RUR
106318783,Москва,КСА,Консультант/Аналитик 1С:ERP/УХ/ЗУП/БП,260000.0,320000.0,RUR
99872507,Москва,Островок,Product Analyst (Search Tools),,,
105227011,Воронеж,Группа компаний Прикладные решения,Аналитик 1С Бухгалтерский учет (внедрение),65000.0,135000.0,RUR
105622512,Москва,СофтМедиаЛаб,Системный аналитик outstaff,250000.0,,RUR
104575641,Сербия,IT-Agency,Marketing analyst,2500.0,4000.0,USD
105860149,Казань,Decart IT-production,Системный (Fullstack) аналитик ФинТех,240000.0,315000.0,RUR
105632378,Владимир,Дивлаб,Системный аналитик 1С,,,
106671311,Казань,Бизнес Апгрейд,Аналитик 1с (ERP),200000.0,,RUR
103551787,Казань,ФТО,Аналитик внедрения 1С:ЗУП,,,
105710821,Москва,МАГ Девелопмент,Аналитик SOC (L3),,,
105750021,Москва,Eqvanta,Системный аналитик / Аналитик решений,,,
106161564,Тюмень,МПК (Призыванет.Ру),Web-аналитик,80000.0,85000.0,RUR
104647779,Москва,Баскаков Дмитрий Владимирович,Веб-аналитик,80000.0,110000.0,RUR
105776018,Москва,Ок Софт,IT Support analyst (L2),,,
106021521,Москва,Газпромбанк Мобайл (ООО НМК),Аналитик целевых маркетинговых кампаний,,,
100781915,Москва,Aviasales.ru,Product Analyst (OTA),,,
105685180,Москва,Braind,Аналитик,,,
106854236,Санкт-Петербург,Екассир,Системный аналитик (Middle),,,
105641401,Москва,Kiwitaxi,Продуктовый аналитик / Product Analyst,1500.0,,USD
106671310,Казань,Бизнес Апгрейд,Бизнес-аналитик 1с (Управление холдингом),200000.0,300000.0,RUR
105985219,Москва,Виасат Тех,Маркетинговый аналитик,,,
106055106,Нижний Новгород,Группа кадровых компаний АКМЭ,Руководитель отдела аналитики и развития,120000.0,140000.0,RUR
105916210,Тула,Vitamin C,Бизнес аналитик/Руководитель проектов Битрикс24,80000.0,150000.0,RUR
104345850,Москва,НЕКСТБИ,Бизнес-аналитик,,,
106102972,Москва,Виасат Тех,Системный аналитик (онлайн-кинотеатр viju),,,
100149050,Саратов,Haulmont,Бизнес-аналитик (СЭД ТЕЗИС),,,
106016236,Ярославль,Мир бега,Инвестиционный консультант/Инвестиционный аналитик/Руководитель проекта по привлечению инвестиций,,,
106913824,Москва,Первый Бит,Аналитик 1С,,,
104915830,Тбилиси,Fundraise Up,Data Analyst (middle/senior),3700.0,5300.0,USD
95463960,Нижний Новгород,Неофлекс,Системный аналитик в интеграциях (удаленно),,,
105661819,Москва,Татикома системс,Системный аналитик,150000.0,200000.0,RUR
106161563,Новосибирск,МПК (Призыванет.Ру),Web-аналитик,80000.0,85000.0,RUR
103233273,Ярославль,Группа компаний Прикладные решения,Ведущий аналитик 1С Бухгалтерский учет (внедрение),135000.0,250000.0,RUR
105515854,Москва,Eclipse Digital,Системный аналитик,230000.0,310000.0,RUR
106266520,Москва,Компания Самолет,Старший аналитик,,,
106697069,Санкт-Петербург,Decart IT-production,Системный аналитик (ФинТех) Fullstack аналитик,,,
106022610,Москва,Centicore,Системный аналитик,250000.0,350000.0,RUR
106177042,Москва,КСА,Аналитик 1С ERP (удаленный формат),,,
106909987,Казань,Aston,System Analyst/Системный аналитик,,,
106442390,Москва,билайн,Cистемный аналитик,,,
105635954,Москва,Black Shark Recruiting,Системный аналитик,280000.0,330000.0,RUR
106237160,Москва,Автомакон,Data Analyst / Data scientist middle,,300000.0,RUR
106923080,Минск,Andersen,System Analyst,,,
106835447,Москва,Лига Цифровой Экономики,Системный аналитик (система класса BI),,,
106084108,Тбилиси,Шорина Гульнара Бектлиевна,Data Analyst (Middle),1200.0,1600.0,EUR
106161562,Нижний Новгород,МПК (Призыванет.Ру),Web-аналитик,80000.0,85000.0,RUR
102697582,Самара,Аптеки Плюс,Ведущий системный аналитик,,,
103471811,Москва,РНКБ Банк (ПАО),Системный аналитик (мобильные приложения),,,
103975509,Москва,Ок Софт,Data analyst,,,
101109302,Москва,Циан,Senior Product Analyst в платформу,,,
96012790,Минск,21vek.by,Системный/Бизнес-аналитик 1С,,,
105227010,Ярославль,Группа компаний Прикладные решения,Аналитик 1С Бухгалтерский учет (внедрение),65000.0,135000.0,RUR
106308557,Москва,Линия ИТ,Системный аналитик 1С,180000.0,,RUR
105915292,Санкт-Петербург,Райтек,Аналитик на сопровождение 1С ERP,,,
105922205,Самара,Ракета,Аналитик 1С (ERP/УТ) в IT-компании,180000.0,300000.0,RUR
93171625,Ярославль,ФТО,Аналитик внедрения 1С,,,
105935374,Кипр,Медиапоинт,Руководитель направления Антифрод аналитики,,,
105972709,Москва,ДомИнтернет,Бизнес-аналитик (IT/Телеком/ B2C),,200000.0,RUR
105570509,Москва,Хацкевич Аксиния Викторовна,Маркетолог-аналитик,,,
105848928,Москва,Круизный центр Инфофлот,Системный аналитик,200000.0,220000.0,RUR
106822479,Москва,Aston,Бизнес-аналитик 1С (стажер),70000.0,80000.0,RUR
106035410,Ростов-на-Дону,NOVARDIS,Системный аналитик 1С,,,
106854255,Санкт-Петербург,Екассир,Системный аналитик (развитие коробочного решения ATM Terminal),,,
105922207,Екатеринбург,Ракета,Аналитик 1С (ERP/УТ) в IT-компании,180000.0,300000.0,RUR
106132341,Москва,ЛЕОН-ГРУПП,Ведущий аналитик по оперативному учету 1С,150000.0,,RUR
106161561,Казань,МПК (Призыванет.Ру),Web-аналитик,80000.0,85000.0,RUR
106245314,Москва,MATRIX SYSTEMS,Senior/Lead Data engineer/BI-аналитик,,,
106555881,Москва,"БизнесАвтоматика, НПЦ",Системный аналитик (Middle/Senior),,,
105699315,Москва,Likesoft,Бизнес-аналитик,80000.0,,RUR
106514910,Москва,Акселератор возможностей,System analyst / Системный аналитик,200000.0,350000.0,RUR
106515710,Москва,АНТ-Консалт,Аналитик 1С,,,
105819206,Москва,РНПК,Системный аналитик (Направление финансовые системы),,,
100149056,Чебоксары,Haulmont,Бизнес-аналитик (СЭД ТЕЗИС),,,
106882437,Санкт-Петербург,Aston,System Analyst / Системный Аналитик,,,
102336247,Белгород,Группа компаний Прикладные решения,Аналитик 1С Бюджетирование (внедрение),135000.0,250000.0,RUR
105256631,Москва,Райтек,Аналитик на сопровождение 1С ERP,,,
106842499,Москва,Outlines Technologies,Разработчик-аналитик (Progress),,280000.0,RUR
106851610,Москва,Aston,System Analyst / Системный аналитик,,,
100149057,Казань,Haulmont,Бизнес-аналитик (СЭД ТЕЗИС),,,
106269229,Москва,SSP SOFT,Аналитик 1С / Бизнес-аналитик 1С,200000.0,,RUR
94058205,Воронеж,ФТО,Системный аналитик 1С,,,
106013946,Москва,ИнфраМенеджер,Системный аналитик (проектирование / детализация функциональности ПО),,,
105416242,Москва,CarMoney,Портфельный аналитик,,,
106319796,Москва,ДИВАН.РУ,Маркетинговый аналитик,,,
100320261,Москва,КСА,Консультант/Аналитик 1С,260000.0,320000.0,RUR
106384805,Москва,Смарт-Докс,Бизнес-аналитик Docsvision,,,
105633268,Санкт-Петербург,Инфостарт,Консультант 1С / Аналитик 1С / Специалист линии консультаций 1С,60000.0,,RUR
105934416,Брянск,Vitamin C,Бизнес аналитик Битрикс24,80000.0,150000.0,RUR
106913826,Ростов-на-Дону,Первый Бит,Аналитик 1С,,,
106648475,Москва,Data World,Ведущий системный аналитик,200000.0,230000.0,RUR
106055189,Ростов-на-Дону,Группа кадровых компаний АКМЭ,Руководитель отдела аналитики и развития,120000.0,140000.0,RUR
105557379,Москва,12 STOREEZ,Аналитик 1С (Онлайн сервис),,,
106793621,Санкт-Петербург,Инфостарт,Аналитик 1С - Битрикс,,,
106668357,Москва,СЗ Новая Ливадия,Консультант-аналитик (Бит:Финанс.Бит:Строительство),150000.0,,RUR
104572106,Санкт-Петербург,Софтвайс,Senior data analyst,,250000.0,RUR
105524882,Москва,ГРИНМАНИ,Системный/ Бизнес аналитик (Fintech),,,
106860199,Москва,Самокат (ООО Умный ритейл),Ведущий аналитик 1С (БИТ.Финанс),,,
106821887,Москва,Aston,System Analyst / Системный аналитик,,,
105508457,Москва,SSP SOFT,Системный аналитик ( Middle+),,,
102337632,Воронеж,Группа компаний Прикладные решения,Аналитик 1С Бюджетирование (внедрение),135000.0,250000.0,RUR
105466212,Воронеж,Группа компаний Прикладные решения,Ведущий аналитик 1С МСФО (внедрение),250000.0,340000.0,RUR
106787119,Москва,AXELSOFT,Аналитик 1С: ERP по оперативному и производственному учету,170000.0,240000.0,RUR
104796157,Новосибирск,Главновосибирскстрой,Аналитик 1С ERP,,,
105510599,Москва,Фин Промоут Системс,Системный аналитик (Финтех продукт),,,
105847397,Москва,Темпория Инвест,Финансовый/инвестиционный аналитик для обновления системы LLM (Language Learning Models),70000.0,100000.0,RUR
106892179,Новосибирск,Aston,Системный аналитик/System Analyst (стажер),70000.0,80000.0,RUR
89832768,Краснодар,ФТО,Аналитик внедрения 1С,,,
105692173,Санкт-Петербург,Группа кадровых компаний АКМЭ,Руководитель отдела аналитики и развития,120000.0,140000.0,RUR
104551731,Екатеринбург,NAUMEN,Аналитик внедрения Naumen Contact Center (информационная безопасность),,,
105885061,Минск,СивилиоБел,Старший аналитик SEO Аффилейт команды,,1500.0,USD
101363974,Москва,ФЛАУВАУ,"Маркетинговый аналитик мобильных приложений / App, web analyst",,,
100149061,Саранск,Haulmont,Бизнес-аналитик (СЭД ТЕЗИС),,,
92358882,Нижний Новгород,ФТО,Аналитик внедрения 1С,,,
106553365,Москва,Информационные системы ВС,Аналитик 1С регламентированный учет,,250000.0,RUR
106484998,Москва,Автомакон,Стажер - Аналитик 1С,,25000.0,RUR
105538747,Москва,Айтикью Груп,Системный аналитик (инвестиции),,,
105909027,Москва,Дивлаб,Консультант-аналитик 1С,,,
106921582,Москва,Ригла,Fullstack аналитик по интеграции (системный и бизнес-анализ),,,
98139951,Минск,Банк БелВЭБ,Кредитный аналитик (кредитование юридических лиц),,,
102684601,Санкт-Петербург,1C-Рарус,Аналитик 1С в проект оперативный учет,,,
106822910,Пермь,Aston,Системный аналитик/System Analyst (стажер),70000.0,80000.0,RUR
93172565,Санкт-Петербург,ФТО,Аналитик внедрения 1С,,,
98760911,Москва,Corporate Performance Systems,Системный аналитик,,,
105069551,Екатеринбург,NAUMEN,Системный аналитик внедрения Naumen Contact Center,,,
106712457,Москва,Медиапоинт,Бизнес-аналитик (Senior),,,
105676810,Санкт-Петербург,Евразия Консалтинг,Аналитик 1С,,200000.0,RUR
106203434,Москва,WiseAdvice,Аналитик 1С,,,
106897361,Москва,Икс-Игрек-Зет Автоматизация,Ведущий аналитик 1С:УХ,150000.0,220000.0,RUR
94758382,Санкт-Петербург,YADRO,Старший системный аналитик (информационная безопасность),,,
103979898,Москва,Автомакон,Аналитик 1С,150000.0,,RUR
106014216,Москва,Ипол,Системный аналитик / Менеджер проектов Битрикс,80000.0,120000.0,RUR
98228437,Екатеринбург,ФТО,Аналитик внедрения 1С,,,
103001689,Москва,Корп Софт,Консультант-аналитик 1С:ERP,,,
103551784,Екатеринбург,ФТО,Аналитик внедрения 1С:ЗУП,,,
105466213,Ярославль,Группа компаний Прикладные решения,Ведущий аналитик 1С МСФО (внедрение),250000.0,340000.0,RUR
105686758,Москва,Интеграл КТ,Аналитик 1С,70000.0,150000.0,RUR
95989540,Санкт-Петербург,«Аксиома-Софт»,Консультант-аналитик 1С (Бухгалтерия),,,
103551785,Чебоксары,ФТО,Аналитик внедрения 1С:ЗУП,,,
106697990,Санкт-Петербург,ДИДЖИ ТЕХ,Аналитик 1С (Оперативный контур. 1С ERP),,,
106892548,Ярославль,Aston,Системный аналитик/System Analyst (стажер),70000.0,80000.0,RUR
92667617,Челябинск,ФТО,Аналитик внедрения 1С,,,
103233274,Воронеж,Группа компаний Прикладные решения,Ведущий аналитик 1С Бухгалтерский учет (внедрение),135000.0,250000.0,RUR
101618912,Москва,Объединенная металлургическая компания,Аналитик 1С ERP (регламентированный учет),,,
105775641,Санкт-Петербург,Smartup,Системный аналитик (senior),,280000.0,RUR
99837111,Уфа,ФТО,Аналитик внедрения 1С,,,
102336249,Ярославль,Группа компаний Прикладные решения,Аналитик 1С Бюджетирование (внедрение),135000.0,250000.0,RUR
90992077,Нижний Новгород,«Аксиома-Софт»,Ведущий аналитик 1С,180000.0,250000.0,RUR
104848804,Москва,Datanomica,Системный аналитик,180000.0,200000.0,RUR
104632090,Москва,Деловая среда,Системный аналитик,,,
106503374,Москва,iiii Tech (Форайз),Аналитик 1С ERP (блок бюджетирование),,,
106716794,Москва,Программный Инжиниринг и Технологии,Консультант-аналитик 1С ERP по регламентированному учету,,,
103872704,Москва,МОНЕТА,Системный аналитик (Платежи),220000.0,250000.0,RUR
106199204,Тверь,Первый Бит,Аналитик 1С (SLA),,,
94585365,Саратов,ФТО,Системный аналитик 1С,,,
104453835,Москва,Компания Самолет,Инвестиционный аналитик,,,
101630069,Москва,РБК,"Преподаватель направления ""Аналитики""",,,
105640007,Москва,Компания Самолет,Финансовый аналитик (МСФО),,,
106514227,Москва,Bell Integrator Регионы,Системный аналитик Senior,,,
106088394,Москва,Овчинников Александр Владимирович,Ведущий аналитик 1С ERP,120000.0,250000.0,RUR
106545536,Санкт-Петербург,NAUMEN,Системный аналитик продукта NCC,,,
105988502,Москва,1С:ЛОГИКА ДАННЫХ,Аналитик ведущий по внедрению систем MDM (НСИ),250000.0,,RUR
92891242,Москва,ИТРП,"Ведущий аналитик-консультант 1С:ERP, 1C:КА",250000.0,320000.0,RUR
100507603,Москва,NAUMEN,Системный аналитик в продукт NCC,,,
103534906,Санкт-Петербург,Самокат (ООО Умный ритейл),Ведущий финансовый аналитик (бюджетирование),,,
105095294,Москва,KuchenLand,Консультант-аналитик 1С по торговым и логистическим процессам,,,
105922206,Ростов-на-Дону,Ракета,Аналитик 1С (ERP/УТ) в IT-компании,180000.0,300000.0,RUR
105693783,Москва,Диванчик.ру,Программист-аналитик 1C:ERP,220000.0,250000.0,RUR
79101473,Москва,Технологии Доверия,Старший Бизнес-Аналитик в Управленческом консалтинге (Транспорт и Логистика),,,
99922740,Москва,«Аксиома-Софт»,Консультант-аналитик 1С (Бухгалтерия),,,
91914447,Москва,НОВАЯ СТУДИЯ,Системный аналитик,,,
106726885,Краснодар,Первый Бит,Аналитик 1С на проекты ERP,125000.0,250000.0,RUR
103099391,Москва,МАГ Девелопмент,Системный аналитик (middle+),,,
79102373,Москва,Технологии Доверия,Старший Бизнес-Аналитик в управленческом консалтинге (S&O T&L),,,
106657804,Санкт-Петербург,билайн,Системный аналитик М2М/IoT,,,
104127025,Москва,Ростелеком,Системный аналитик ETL,,,
90992060,Краснодар,«Аксиома-Софт»,Ведущий аналитик 1С,200000.0,,RUR
106155020,Москва,Первый Бит,Аналитик 1С (SLA),,,
106892178,Челябинск,Aston,Системный аналитик/System Analyst (стажер),70000.0,80000.0,RUR
103499664,Москва,ПУЛЬС АЙТИМ,Ведущий аналитик 1С (ЭДО),,,
106466048,Москва,NAUMEN,Продуктовый аналитик Project Ruler,,,
83956702,Москва,Odyssey Consulting Group,Консультант 1С / Аналитик 1С ERP (Регламентированный учет\ опер.контур),,,
106054329,Екатеринбург,NAUMEN,Аналитик команды продукта Скорозвон,,,
104231725,Москва,"RG-Soft,ООО",Аналитик 1С: УХ,200000.0,300000.0,RUR
106428257,Санкт-Петербург,Первый Бит,Аналитик 1С:ERP по регламентированному учёту,,,
106581814,Москва,12 STOREEZ,Ведущий аналитик 1С (Global),,,
106054005,Москва,Автомакон,Аналитик 1С WMS,193000.0,257000.0,RUR
104819075,Москва,МОНЕТА,Системный аналитик АБС (автоматизированная банковская система/core banking system),230000.0,,RUR
106317461,Москва,БФТ-Холдинг (Бюджетные и Финансовые Технологии),Ведущий системный аналитик,,,
103928663,Москва,Кузница Кадров,Аналитик 1С,,,
105960787,Тюмень,Веб студия GALAXY,Старший менеджер по маркетплейсам / Маркетолог-аналитик / Руководитель проекта,80000.0,120000.0,RUR
106633084,Москва,билайн,Системный аналитик (Middle),,,
105139796,Москва,Unicon Outsourcing,Консультант-аналитик 1С ЗУП,,,
106127971,Санкт-Петербург,Неофлекс,DWH аналитик (финтех),,,
99837332,Ижевск,ФТО,Аналитик внедрения 1С,,,
92675482,Екатеринбург,Ренью,Системный аналитик,,,
105807553,Москва,Data World,Системный аналитик (Управление портфелем имущества),230000.0,280000.0,RUR
106078211,Москва,билайн,Старший аналитик данных (гео-данные),,,
104589404,Москва,12 STOREEZ,Ведущий аналитик 1С (команда Финансы),,,
106803234,Краснодар,ФТО,Аналитик внедрения 1С: Специалист-консультант по Бюджетированию в ERP,,,
100529660,Москва,АБК,Системный аналитик (CRM-система),,,
104375296,Москва,Островок,Senior Product Analyst (Hotel Card & Content),,,
105718475,Москва,Деснол Софт,Старший аналитик 1С,180000.0,,RUR
94917682,Химки (Московская область),ПУЛЬС АЙТИМ,Ведущий аналитик данных,,,
105935328,Москва,Медиапоинт,Руководитель направления Антифрод аналитики,,,
106803226,Омск,ФТО,Аналитик внедрения 1С Специалист-консультант по Бюджетированию в ERP,,,
105335228,Москва,SL Soft,Системный аналитик (ML),,,
104842562,Нижний Новгород,IT-компания Lad,Аналитик 1С:ERP\УХ,,,
94917681,Москва,ПУЛЬС АЙТИМ,Ведущий аналитик данных,,,
104363395,Астана,Lanck Telecom,SMS Routing & Quality Analyst,,,
106359741,Новосибирск,Финансовые Информационные Системы,Аналитик-Автотестировщик,,,
106650343,Москва,NAUMEN,Системный аналитик внедрения Naumen Contact Center (Middle),,,
105815149,Москва,Островок,Senior Systems Analyst (Technical Discovery - Mobile Team),,,
105896265,Казань,ЮМед,Ведущий бизнес-аналитик 1С,,,
105818571,Минск,Будущее технологий,Системный аналитик,,,
103928716,Нижний Новгород,Кузница Кадров,Аналитик 1С,,,
106336501,Москва,КСА,Ведущий аналитик 1С:ERP или 1С:ERP УХ,,,
98211074,Москва,Eqvanta,Портфельный аналитик / Portfolio manager (middle/senior),,,
106652938,Москва,билайн,Системный аналитик (Senior),,,
106347158,Москва,Первый Бит,"Аналитик ERP, УХ",,,
79101767,Москва,Технологии Доверия,Старший бизнес-аналитик в управленческом консалтинге (S&O T&L),,,
105922204,Нижний Новгород,Ракета,Аналитик 1С (ERP/УТ) в IT-компании,180000.0,300000.0,RUR
106803236,Чебоксары,ФТО,Аналитик внедрения 1С: Специалист-консультант по Бюджетированию в ERP,,,
89566149,Санкт-Петербург,«Аксиома-Софт»,"Ведущий аналитик 1С (БП, УХ)",180000.0,250000.0,RUR
105924080,Казань,Ракета,Аналитик 1С (ЗУП),,,
104635318,Москва,ГоИНВЕСТ,"Системный аналитик (iOS, Android)",,,
104337703,Москва,билайн,Ведущий системный/бизнес аналитик в Роуминг,,,
106005989,Москва,Первый Бит,Аналитик 1С (регучет),,,
106387100,Сербия,Lanck Telecom,SMS Routing & Quality Analyst,,,
104824496,Нижний Новгород,IT-компания Lad,Ведущий аналитик/Эксперт 1С,,,
104229923,Москва,"RG-Soft,ООО",Ведущий аналитик 1С: ERP,200000.0,300000.0,RUR
91942134,Москва,NAUMEN,Системный аналитик (middle/senior) на внедрение продукта Naumen BPM,,,
106429193,Москва,1С:ВДГБ,Ведущий аналитик 1С ERP (Регламентированный учёт),300000.0,,RUR
105844326,Москва,билайн,Ведущий аналитик 1С,,,
105924079,Санкт-Петербург,Ракета,Аналитик 1С (ЗУП),,,
103709039,Москва,билайн,Системный аналитик в КСС,,,
104850181,Санкт-Петербург,Райтек,Ведущий аналитик на внедрение 1С ERP,,,
106068843,Москва,Неофлекс,Системный аналитик хранилищ данных,,,
105753337,Краснодар,Ракета,"Аналитик 1С (ERP, УТ) в IT-компании",,,
104832138,Москва,Райтек,Аналитик на внедрение 1С ERP,,,
103514150,Москва,ПУЛЬС АЙТИМ,Системный аналитик (маркировка),,,
99927716,Санкт-Петербург,NAUMEN,Системный аналитик (middle/senior) на внедрение продукта Naumen BPM,,,
104840559,Москва,Медиапоинт,Senior Analyst,,,
105796074,Москва,Гудфокаст,Системный аналитик,,,
105803838,Санкт-Петербург,Ракета,"Аналитик 1С (ERP, УТ) в IT-компании",,,
104972410,Москва,Райтек,Ведущий аналитик на внедрение 1С ERP (регламентированный учет),,,
105744265,Москва,"ЮТэйр, Авиакомпания","Ведущий системный аналитик (AMOS, SAP MM ТОРО)",,,
103928701,Санкт-Петербург,Кузница Кадров,Аналитик 1С,,,
105724436,Москва,билайн,Системный аналитик (Оператор рекламных данных),,,
105239323,Санкт-Петербург,Неофлекс,Системный аналитик DWH (RWA ПВР),,,
105924183,Краснодар,Ракета,Аналитик 1С (УХ),,,
105803837,Казань,Ракета,"Аналитик 1С (ERP, УТ) в IT-компании",,,
104906884,Москва,АСАП РАЗРАБОТКА,"Ведущий консультант-аналитик 1С: ERP (закупки, продажи, склад)",,,
106274183,Москва,ПУЛЬС АЙТИМ,Системный аналитик (1С),,,
106137803,Минск,Бэлл Интегратор,Системный аналитик,,,
